SNP_pos	independent_aic	weighted_independent_aic	independent_pval	independent_likelihood_ratio	dependent_x_aic	weighted_dependent_x_aic	dependent_x_pval	dependent_x_likelihood_ratio	dependent_y_aic	weighted_dependent_y_aic	dependent_y_pval	dependent_y_likelihood_ratio	dependent_both_aic	weighted_dependent_both_aic	dependent_both_pval	dependent_both_likelihood_ratio
pos_001	972.6741907	0.7385033973	0.9554718634	0.6658559115	976.4250982	0.1132017854	0.8828974394	0.2490924706	976.157236	0.1294251891	0.7722265435	0.5169546437	980.0083348	0.01886962824	0.9554718634	0.6658559115
pos_002	937.0201266	0.7206176038	0.9101345814	0.9977657762	940.0290614	0.1600748035	0.6092463359	0.9910652013	941.0191807	0.09757112223	0.9995271684	0.0009458868385	944.0223608	0.02173647044	0.9101345814	0.9977657762
pos_003	964.9764403	0.7658225254	0.9958716573	0.1874777505	968.9330357	0.1059166835	0.9785314731	0.04340465598	968.8061188	0.1128558343	0.9183646465	0.1703214976	972.7889626	0.0154049568	0.9958716573	0.1874777505
pos_004	956.9670598	0.7751072635	0.9999495204	0.02016330251	960.9567733	0.1054402728	0.99486997	0.01028646747	960.9630092	0.1051120301	0.9979767395	0.004050620065	964.9468965	0.01434043365	0.9999495204	0.02016330251
pos_005	972.6741907	0.7385033973	0.9554718634	0.6658559115	976.4250982	0.1132017854	0.8828974394	0.2490924706	976.157236	0.1294251891	0.7722265435	0.5169546437	980.0083348	0.01886962824	0.9554718634	0.6658559115
pos_007	983.2211109	0.1528885664	0.09202868289	7.987730348	998.1035383	8.97E-05	1	-10.88242733	980.1925095	0.6950682606	0.0297686121	7.028601452	983.2333806	0.1519534928	0.09202868289	7.987730348
pos_008	972.6741907	0.7385033973	0.9554718634	0.6658559115	976.4250982	0.1132017854	0.8828974394	0.2490924706	976.157236	0.1294251891	0.7722265435	0.5169546437	980.0083348	0.01886962824	0.9554718634	0.6658559115
pos_009	935.1860738	0.7614009402	1	-0.169342006	938.6550016	0.1343832995	0.7667947752	0.5310721633	939.4258506	0.09140239142	1	-0.2397768725	943.3554158	0.01281336896	1	-0.169342006
pos_019	1084.630053	0.7369941607	0.9479222491	0.7272829305	1087.917985	0.1423963165	0.700448691	0.7120683242	1088.601191	0.1011911158	0.9856726327	0.0288619901	1091.90277	0.01941840707	0.9479222491	0.7272829305
pos_026	895.8600339	0.6951546268	0.8513923722	1.35839839	899.8539218	0.09436689512	0.9969486459	0.006112037915	898.5036295	0.1853667875	0.5075286117	1.356404384	902.5016355	0.02511169064	0.8513923722	1.35839839
pos_073	895.8600339	0.6951546268	0.8513923722	1.35839839	899.8539218	0.09436689512	0.9969486459	0.006112037915	898.5036295	0.1853667875	0.5075286117	1.356404384	902.5016355	0.02511169064	0.8513923722	1.35839839
pos_086	906.3580577	0.6883324494	0.8198373418	1.538293225	909.6737766	0.1311592809	0.7102483815	0.6842810741	909.3617717	0.1533027864	0.6076580158	0.9962860586	912.8197645	0.0272054833	0.8198373418	1.538293225
pos_102	912.1728325	0.5668880177	0.2722989523	5.149499918	915.0201055	0.1365273933	0.5619381473	1.152726987	914.6993451	0.1602773098	0.4786700658	1.473487434	915.0233326	0.1363072793	0.2722989523	5.149499918
pos_110	906.619284	0.7084850028	0.8555617377	1.334113095	910.0290344	0.1287990803	0.7444386892	0.5902495639	909.8992895	0.1374315716	0.6976782509	0.7199944821	913.2851709	0.02528434524	0.8555617377	1.334113095
pos_140	1048.579427	6.15E-31	7.88E-30	142.5875435	913.0568102	0.1649616316	5.05E-31	139.5226173	910.0775421	0.7316827081	1.14E-31	142.5018854	913.991884	0.1033556603	7.88E-30	142.5875435
pos_156	909.5466827	0.7466832879	0.9703413753	0.5317111361	912.9467816	0.1363999917	0.7408548417	0.599901136	913.5861952	0.09907576493	1	-0.03951251353	917.0149716	0.01784095549	0.9703413753	0.5317111361
pos_165	906.6488434	0.8254816764	0.8716011544	1.239213366	910.1077669	0.1464238258	0.7629687034	0.5410765327	1044.494424	9.64E-31	1	-133.8455804	913.40963	0.02809449779	0.8716011544	1.239213366
pos_167	906.1361709	0.6887263137	0.8294890248	1.483902704	909.6258821	0.1202999679	0.7748046187	0.5102887727	909.0002447	0.1644829762	0.5666785274	1.135926214	912.6522682	0.02649074222	0.8294890248	1.483902704
pos_170	914.5125808	0.6857885616	0.8327682432	1.465309097	917.0582514	0.1920458337	0.4832772856	1.4543294	918.4443576	0.09603195068	0.9664636464	0.06822318936	921.0472717	0.02613365401	0.8327682432	1.465309097
pos_187	895.8600339	0.6951546268	0.8513923722	1.35839839	899.8539218	0.09436689512	0.9969486459	0.006112037915	898.5036295	0.1853667875	0.5075286117	1.356404384	902.5016355	0.02511169064	0.8513923722	1.35839839
pos_231	898.7586016	0.5749763758	0.6042606738	2.72836289	902.7491968	0.07818137024	0.9953086066	0.009404865086	900.0224484	0.3056392816	0.2545961706	2.736153268	904.0302387	0.0412029724	0.6042606738	2.72836289
pos_244	895.8600339	0.6951546268	0.8513923722	1.35839839	899.8539218	0.09436689512	0.9969486459	0.006112037915	898.5036295	0.1853667875	0.5075286117	1.356404384	902.5016355	0.02511169064	0.8513923722	1.35839839
pos_251	895.8600339	0.6951546268	0.8513923722	1.35839839	899.8539218	0.09436689512	0.9969486459	0.006112037915	898.5036295	0.1853667875	0.5075286117	1.356404384	902.5016355	0.02511169064	0.8513923722	1.35839839
pos_263	906.7900519	0.7128448004	0.8922207504	1.112896006	910.7888377	0.09653163753	0.999393105	0.001214158372	909.6824681	0.1678474624	0.5747662288	1.107583759	913.6771559	0.02277609972	0.8922207504	1.112896006
pos_287	895.8600339	0.6951546268	0.8513923722	1.35839839	899.8539218	0.09436689512	0.9969486459	0.006112037915	898.5036295	0.1853667875	0.5075286117	1.356404384	902.5016355	0.02511169064	0.8513923722	1.35839839
pos_288	895.8600339	0.6951546268	0.8513923722	1.35839839	899.8539218	0.09436689512	0.9969486459	0.006112037915	898.5036295	0.1853667875	0.5075286117	1.356404384	902.5016355	0.02511169064	0.8513923722	1.35839839
pos_292	904.6968461	0.7675171751	0.9963765605	0.1752857422	908.5500915	0.1117806172	0.9292501408	0.1467546366	908.6684588	0.1053569922	0.9859066027	0.02838730463	912.5215604	0.01534521545	0.9963765605	0.1752857422
pos_319	895.8600339	0.6951546268	0.8513923722	1.35839839	899.8539218	0.09436689512	0.9969486459	0.006112037915	898.5036295	0.1853667875	0.5075286117	1.356404384	902.5016355	0.02511169064	0.8513923722	1.35839839
pos_322	895.8600339	0.6951546268	0.8513923722	1.35839839	899.8539218	0.09436689512	0.9969486459	0.006112037915	898.5036295	0.1853667875	0.5075286117	1.356404384	902.5016355	0.02511169064	0.8513923722	1.35839839
pos_323	906.0955357	0.6854617463	0.8281755731	1.491333157	909.6069115	0.1184397969	0.7832431496	0.4886241906	908.8884212	0.1696351461	0.5468628509	1.207114475	912.6042025	0.0264633107	0.8281755731	1.491333157
pos_327	905.5945101	0.6937690533	0.8521181691	1.354181062	909.196584	0.1145603981	0.819580177	0.3979260982	908.4468563	0.1666617012	0.5633653723	1.147653775	912.2403291	0.02500884744	0.8521181691	1.354181062
pos_330	906.9042152	0.7140447714	0.8735213326	1.227675584	910.3456524	0.1277693977	0.756327048	0.5585627864	910.2500721	0.1340237752	0.7210321544	0.6541430914	913.6765396	0.02416205572	0.8735213326	1.227675584
pos_333	895.8600339	0.6951546268	0.8513923722	1.35839839	899.8539218	0.09436689512	0.9969486459	0.006112037915	898.5036295	0.1853667875	0.5075286117	1.356404384	902.5016355	0.02511169064	0.8513923722	1.35839839
pos_334	895.8600339	0.6951546268	0.8513923722	1.35839839	899.8539218	0.09436689512	0.9969486459	0.006112037915	898.5036295	0.1853667875	0.5075286117	1.356404384	902.5016355	0.02511169064	0.8513923722	1.35839839
pos_335	895.8600339	0.6951546268	0.8513923722	1.35839839	899.8539218	0.09436689512	0.9969486459	0.006112037915	898.5036295	0.1853667875	0.5075286117	1.356404384	902.5016355	0.02511169064	0.8513923722	1.35839839
pos_336	911.3486917	0.6099408127	0.5830451862	2.85109623	914.4167821	0.1315407533	0.6275356541	0.9319095805	913.4618313	0.2120436429	0.3892902022	1.886860385	916.4975954	0.04647479111	0.5830451862	2.85109623
pos_337	992.7773641	0.5746774741	0.4353803093	3.788534732	995.0256348	0.1867318492	0.4165017327	1.751729315	995.2296868	0.1686199941	0.4612391261	1.547677318	996.9888294	0.06997068263	0.4353803093	3.788534732
pos_338	904.8906113	0.552063625	0.5568150761	3.006040323	908.6048069	0.0861909767	0.8668388492	0.2858043824	906.004605	0.3162921874	0.2362173017	2.886006256	909.884571	0.04545321084	0.5568150761	3.006040323
pos_371	906.0781637	0.6920085993	0.8527438754	1.350541916	909.3453817	0.1350965077	0.6932316859	0.7327820251	909.1630054	0.1479948547	0.6328137554	0.9151582507	912.7276218	0.02490003827	0.8527438754	1.350541916
pos_372	895.8600339	0.6951546268	0.8513923722	1.35839839	899.8539218	0.09436689512	0.9969486459	0.006112037915	898.5036295	0.1853667875	0.5075286117	1.356404384	902.5016355	0.02511169064	0.8513923722	1.35839839
pos_373	905.5536428	0.6933552683	0.8498263446	1.367483745	909.1917544	0.1124475291	0.8344819346	0.3618883686	908.3764988	0.1690364739	0.5551194333	1.177143987	912.186159	0.02516072868	0.8498263446	1.367483745
pos_377	895.8600339	0.6951546268	0.8513923722	1.35839839	899.8539218	0.09436689512	0.9969486459	0.006112037915	898.5036295	0.1853667875	0.5075286117	1.356404384	902.5016355	0.02511169064	0.8513923722	1.35839839
pos_380	895.8600339	0.6951546268	0.8513923722	1.35839839	899.8539218	0.09436689512	0.9969486459	0.006112037915	898.5036295	0.1853667875	0.5075286117	1.356404384	902.5016355	0.02511169064	0.8513923722	1.35839839
pos_381	942.6623009	0.757740441	0.9883880874	0.3214451933	946.4730776	0.11272515	0.9097261541	0.1892233085	946.4640333	0.1132360652	0.9056215178	0.1982676221	950.3408557	0.01629834384	0.9883880874	0.3214451933
pos_383	895.8600339	0.6951546268	0.8513923722	1.35839839	899.8539218	0.09436689512	0.9969486459	0.006112037915	898.5036295	0.1853667875	0.5075286117	1.356404384	902.5016355	0.02511169064	0.8513923722	1.35839839
pos_384	948.8400696	0.6976223466	0.8343102364	1.456544119	951.9859432	0.144711358	0.6524223059	0.8541264365	952.1820111	0.1311979379	0.7196219649	0.6580585073	955.3835255	0.02646835756	0.8343102364	1.456544119
pos_385	904.9038249	0.7720831166	0.9992389379	0.07906209285	908.8273161	0.1085647333	0.9624680514	0.0765088134	908.9009434	0.104640742	0.9985602668	0.002881541145	912.8247628	0.01471140811	0.9992389379	0.07906209285
pos_386	929.8513909	0.7515092587	0.9689186391	0.5455424459	933.5815761	0.1163951575	0.8737968193	0.2698148051	933.622903	0.1140147087	0.8920403298	0.2284878694	937.3058485	0.01808087505	0.9689186391	0.5455424459
pos_387	917.4659279	0.5958313463	0.546179632	3.070003297	920.2376202	0.1490246228	0.5410985279	1.22830779	919.6047756	0.2044930144	0.3943264481	1.861152329	922.3959247	0.05065101649	0.546179632	3.070003297
pos_388	895.8600339	0.6951546268	0.8513923722	1.35839839	899.8539218	0.09436689512	0.9969486459	0.006112037915	898.5036295	0.1853667875	0.5075286117	1.356404384	902.5016355	0.02511169064	0.8513923722	1.35839839
pos_392	895.8600339	0.6951546268	0.8513923722	1.35839839	899.8539218	0.09436689512	0.9969486459	0.006112037915	898.5036295	0.1853667875	0.5075286117	1.356404384	902.5016355	0.02511169064	0.8513923722	1.35839839
pos_394	906.4506919	0.7085054339	0.8699756371	1.248948739	909.8852556	0.1272146606	0.753732181	0.5654363433	909.6930238	0.1400489227	0.6846592014	0.7576681614	913.2017432	0.02423098287	0.8699756371	1.248948739
pos_401	895.8600339	0.6951546268	0.8513923722	1.35839839	899.8539218	0.09436689512	0.9969486459	0.006112037915	898.5036295	0.1853667875	0.5075286117	1.356404384	902.5016355	0.02511169064	0.8513923722	1.35839839
pos_405	895.8600339	0.6951546268	0.8513923722	1.35839839	899.8539218	0.09436689512	0.9969486459	0.006112037915	898.5036295	0.1853667875	0.5075286117	1.356404384	902.5016355	0.02511169064	0.8513923722	1.35839839
pos_408	913.0811093	0.6956859267	0.8390497373	1.429512428	915.766009	0.1817166165	0.5181191118	1.315100235	917.0306405	0.09655691777	0.9750813729	0.05046870425	919.6515968	0.02604053904	0.8390497373	1.429512428
pos_411	895.8600339	0.6951546268	0.8513923722	1.35839839	899.8539218	0.09436689512	0.9969486459	0.006112037915	898.5036295	0.1853667875	0.5075286117	1.356404384	902.5016355	0.02511169064	0.8513923722	1.35839839
pos_414	895.8600339	0.6951546268	0.8513923722	1.35839839	899.8539218	0.09436689512	0.9969486459	0.006112037915	898.5036295	0.1853667875	0.5075286117	1.356404384	902.5016355	0.02511169064	0.8513923722	1.35839839
pos_427	987.3249399	0.6112653431	0.6221430518	2.626460149	990.1788155	0.1467298803	0.5637963322	1.146124412	989.5555984	0.2003772678	0.4128500665	1.769341574	992.6984798	0.04162750872	0.6221430518	2.626460149
pos_432	913.860418	0.6962046332	0.8411515251	1.417478648	916.5451144	0.1818705965	0.5180664332	1.315303591	917.8225684	0.09602114445	0.981253158	0.03784958303	920.4429393	0.02590362588	0.8411515251	1.417478648
pos_438	911.2233665	0.6913176365	0.8256572858	1.505553474	913.9774006	0.1744402627	0.5363421648	1.245965909	914.9481477	0.1073622724	0.8714389707	0.2752188887	917.7178131	0.0268798284	0.8256572858	1.505553474
pos_448	895.8600339	0.6951546268	0.8513923722	1.35839839	899.8539218	0.09436689512	0.9969486459	0.006112037915	898.5036295	0.1853667875	0.5075286117	1.356404384	902.5016355	0.02511169064	0.8513923722	1.35839839
pos_449	895.8600339	0.6951546268	0.8513923722	1.35839839	899.8539218	0.09436689512	0.9969486459	0.006112037915	898.5036295	0.1853667875	0.5075286117	1.356404384	902.5016355	0.02511169064	0.8513923722	1.35839839
pos_452	917.0097667	0.6658483421	0.7835975045	1.739132413	920.9341562	0.09358472412	0.9629004607	0.07561047257	919.303723	0.2114701357	0.4261252951	1.706043712	923.2706343	0.02909679808	0.7835975045	1.739132413
pos_458	895.8600339	0.6951546268	0.8513923722	1.35839839	899.8539218	0.09436689512	0.9969486459	0.006112037915	898.5036295	0.1853667875	0.5075286117	1.356404384	902.5016355	0.02511169064	0.8513923722	1.35839839
pos_467	895.8600339	0.6951546268	0.8513923722	1.35839839	899.8539218	0.09436689512	0.9969486459	0.006112037915	898.5036295	0.1853667875	0.5075286117	1.356404384	902.5016355	0.02511169064	0.8513923722	1.35839839
pos_490	895.8600339	0.6951546268	0.8513923722	1.35839839	899.8539218	0.09436689512	0.9969486459	0.006112037915	898.5036295	0.1853667875	0.5075286117	1.356404384	902.5016355	0.02511169064	0.8513923722	1.35839839
pos_529	895.8600339	0.6951546268	0.8513923722	1.35839839	899.8539218	0.09436689512	0.9969486459	0.006112037915	898.5036295	0.1853667875	0.5075286117	1.356404384	902.5016355	0.02511169064	0.8513923722	1.35839839
pos_540	895.8600339	0.6951546268	0.8513923722	1.35839839	899.8539218	0.09436689512	0.9969486459	0.006112037915	898.5036295	0.1853667875	0.5075286117	1.356404384	902.5016355	0.02511169064	0.8513923722	1.35839839
pos_541	895.8600339	0.6951546268	0.8513923722	1.35839839	899.8539218	0.09436689512	0.9969486459	0.006112037915	898.5036295	0.1853667875	0.5075286117	1.356404384	902.5016355	0.02511169064	0.8513923722	1.35839839
pos_544	895.8600339	0.6951546268	0.8513923722	1.35839839	899.8539218	0.09436689512	0.9969486459	0.006112037915	898.5036295	0.1853667875	0.5075286117	1.356404384	902.5016355	0.02511169064	0.8513923722	1.35839839
pos_563	895.8600339	0.6951546268	0.8513923722	1.35839839	899.8539218	0.09436689512	0.9969486459	0.006112037915	898.5036295	0.1853667875	0.5075286117	1.356404384	902.5016355	0.02511169064	0.8513923722	1.35839839
pos_568	918.6817083	0.7001802643	0.8580416643	1.319598662	922.5115267	0.1031752108	0.9184288901	0.1701815939	921.4912883	0.171837245	0.5514467738	1.190419913	925.3621096	0.02480727987	0.8580416643	1.319598662
pos_571	908.6259699	0.7691925406	0.9837209704	0.3845653227	912.5206799	0.1097259936	0.9487167709	0.10528995	912.6277492	0.1040063194	1	-0.001779309874	916.2414046	0.01707514637	0.9837209704	0.3845653227
pos_573	895.8600339	0.6951546268	0.8513923722	1.35839839	899.8539218	0.09436689512	0.9969486459	0.006112037915	898.5036295	0.1853667875	0.5075286117	1.356404384	902.5016355	0.02511169064	0.8513923722	1.35839839
pos_581	895.8600339	0.6951546268	0.8513923722	1.35839839	899.8539218	0.09436689512	0.9969486459	0.006112037915	898.5036295	0.1853667875	0.5075286117	1.356404384	902.5016355	0.02511169064	0.8513923722	1.35839839
pos_604	895.8600339	0.6951546268	0.8513923722	1.35839839	899.8539218	0.09436689512	0.9969486459	0.006112037915	898.5036295	0.1853667875	0.5075286117	1.356404384	902.5016355	0.02511169064	0.8513923722	1.35839839
pos_605	914.257367	0.6865049166	0.8388281693	1.430779317	916.7925207	0.1932600155	0.4807426776	1.464846252	918.2229305	0.09452190479	0.982929169	0.03443643468	920.8265876	0.02571316315	0.8388281693	1.430779317
pos_607	923.6698678	0.6902319778	0.759763413	1.86940194	927.6482394	0.0944284042	0.9892440839	0.02162835816	926.3233421	0.1831472724	0.5100416674	1.346525712	929.8004658	0.03219234562	0.759763413	1.86940194
pos_631	906.5400912	0.6921213342	0.8068293826	1.610913104	909.6838893	0.1437193184	0.6517456237	0.8562018818	909.7973564	0.1357925933	0.6897904702	0.7427347879	912.9291781	0.02836675414	0.8068293826	1.610913104
pos_633	909.5724355	0.6610099933	0.6020658898	2.740962956	913.0425433	0.1165960126	0.76724729	0.5298922351	912.2335301	0.174726465	0.5119886942	1.338905472	914.8314726	0.04766752917	0.6020658898	2.740962956
pos_644	898.7586016	0.5749763758	0.6042606738	2.72836289	902.7491968	0.07818137024	0.9953086066	0.009404865086	900.0224484	0.3056392816	0.2545961706	2.736153268	904.0302387	0.0412029724	0.6042606738	2.72836289
pos_646	913.860418	0.6962046332	0.8411515251	1.417478648	916.5451144	0.1818705965	0.5180664332	1.315303591	917.8225684	0.09602114445	0.981253158	0.03784958303	920.4429393	0.02590362588	0.8411515251	1.417478648
pos_655	913.5029384	0.6789025677	0.8011287913	1.642529429	916.0604761	0.1889927714	0.4861533625	1.442462289	917.2582619	0.1038363241	0.8848490361	0.2446764584	919.860409	0.02826833682	0.8011287913	1.642529429
pos_682	909.3680035	0.6528170379	0.7041451611	2.172073397	912.3006251	0.1506540452	0.5864374809	1.067378427	912.1664611	0.161106899	0.54838855	1.201542421	915.1959301	0.03542201791	0.7041451611	2.172073397
pos_687	895.8600339	0.6951546268	0.8513923722	1.35839839	899.8539218	0.09436689512	0.9969486459	0.006112037915	898.5036295	0.1853667875	0.5075286117	1.356404384	902.5016355	0.02511169064	0.8513923722	1.35839839
pos_721	905.8762249	0.6899997213	0.8452635157	1.393848232	909.3485157	0.1215767546	0.7680852153	0.5277091892	908.7614651	0.163052308	0.5727076721	1.114759727	912.4823766	0.02537121617	0.8452635157	1.393848232
pos_726	907.9618986	0.720237428	0.9080668246	1.0113715	911.0463035	0.1540655955	0.632675556	0.915595076	911.8356724	0.1038236775	0.9388372542	0.1262262659	914.9505271	0.02187329898	0.9080668246	1.0113715
pos_727	907.9618986	0.720237428	0.9080668246	1.0113715	911.0463035	0.1540655955	0.632675556	0.915595076	911.8356724	0.1038236775	0.9388372542	0.1262262659	914.9505271	0.02187329898	0.9080668246	1.0113715
pos_728	907.9618986	0.720237428	0.9080668246	1.0113715	911.0463035	0.1540655955	0.632675556	0.915595076	911.8356724	0.1038236775	0.9388372542	0.1262262659	914.9505271	0.02187329898	0.9080668246	1.0113715
pos_729	907.9618986	0.720237428	0.9080668246	1.0113715	911.0463035	0.1540655955	0.632675556	0.915595076	911.8356724	0.1038236775	0.9388372542	0.1262262659	914.9505271	0.02187329898	0.9080668246	1.0113715
pos_734	925.1106331	0.7681618922	0.9939330121	0.2288313724	929.0147089	0.1090670282	0.9531698902	0.09592424475	929.0530468	0.1069962407	0.9716173816	0.05758638478	932.8818018	0.01577483887	0.9939330121	0.2288313724
pos_738	907.9618986	0.720237428	0.9080668246	1.0113715	911.0463035	0.1540655955	0.632675556	0.915595076	911.8356724	0.1038236775	0.9388372542	0.1262262659	914.9505271	0.02187329898	0.9080668246	1.0113715
pos_739	907.9618986	0.720237428	0.9080668246	1.0113715	911.0463035	0.1540655955	0.632675556	0.915595076	911.8356724	0.1038236775	0.9388372542	0.1262262659	914.9505271	0.02187329898	0.9080668246	1.0113715
pos_740	907.9618986	0.720237428	0.9080668246	1.0113715	911.0463035	0.1540655955	0.632675556	0.915595076	911.8356724	0.1038236775	0.9388372542	0.1262262659	914.9505271	0.02187329898	0.9080668246	1.0113715
pos_741	907.9618986	0.720237428	0.9080668246	1.0113715	911.0463035	0.1540655955	0.632675556	0.915595076	911.8356724	0.1038236775	0.9388372542	0.1262262659	914.9505271	0.02187329898	0.9080668246	1.0113715
pos_743	907.9618986	0.720237428	0.9080668246	1.0113715	911.0463035	0.1540655955	0.632675556	0.915595076	911.8356724	0.1038236775	0.9388372542	0.1262262659	914.9505271	0.02187329898	0.9080668246	1.0113715
pos_754	907.9618986	0.720237428	0.9080668246	1.0113715	911.0463035	0.1540655955	0.632675556	0.915595076	911.8356724	0.1038236775	0.9388372542	0.1262262659	914.9505271	0.02187329898	0.9080668246	1.0113715
pos_756	907.9618986	0.720237428	0.9080668246	1.0113715	911.0463035	0.1540655955	0.632675556	0.915595076	911.8356724	0.1038236775	0.9388372542	0.1262262659	914.9505271	0.02187329898	0.9080668246	1.0113715
pos_757	907.9618986	0.720237428	0.9080668246	1.0113715	911.0463035	0.1540655955	0.632675556	0.915595076	911.8356724	0.1038236775	0.9388372542	0.1262262659	914.9505271	0.02187329898	0.9080668246	1.0113715
pos_758	907.9618986	0.720237428	0.9080668246	1.0113715	911.0463035	0.1540655955	0.632675556	0.915595076	911.8356724	0.1038236775	0.9388372542	0.1262262659	914.9505271	0.02187329898	0.9080668246	1.0113715
pos_759	920.0517029	0.5717933154	0.4873971604	3.4378106	922.4777963	0.1699885168	0.4552296341	1.573906594	922.1546571	0.1997967311	0.3873126945	1.897045832	924.6138923	0.0584214367	0.4873971604	3.4378106
pos_760	907.9618986	0.720237428	0.9080668246	1.0113715	911.0463035	0.1540655955	0.632675556	0.915595076	911.8356724	0.1038236775	0.9388372542	0.1262262659	914.9505271	0.02187329898	0.9080668246	1.0113715
pos_761	918.7325666	0.6327630477	0.6469254365	2.487221486	921.1037624	0.1933492507	0.4429040504	1.628804246	921.8416493	0.1336941424	0.6405304285	0.8909173028	924.2453452	0.04019355917	0.6469254365	2.487221486
pos_762	907.9618986	0.720237428	0.9080668246	1.0113715	911.0463035	0.1540655955	0.632675556	0.915595076	911.8356724	0.1038236775	0.9388372542	0.1262262659	914.9505271	0.02187329898	0.9080668246	1.0113715
pos_763	907.9618986	0.720237428	0.9080668246	1.0113715	911.0463035	0.1540655955	0.632675556	0.915595076	911.8356724	0.1038236775	0.9388372542	0.1262262659	914.9505271	0.02187329898	0.9080668246	1.0113715
pos_764	907.9618986	0.720237428	0.9080668246	1.0113715	911.0463035	0.1540655955	0.632675556	0.915595076	911.8356724	0.1038236775	0.9388372542	0.1262262659	914.9505271	0.02187329898	0.9080668246	1.0113715
pos_765	907.9618986	0.720237428	0.9080668246	1.0113715	911.0463035	0.1540655955	0.632675556	0.915595076	911.8356724	0.1038236775	0.9388372542	0.1262262659	914.9505271	0.02187329898	0.9080668246	1.0113715
pos_767	907.9618986	0.720237428	0.9080668246	1.0113715	911.0463035	0.1540655955	0.632675556	0.915595076	911.8356724	0.1038236775	0.9388372542	0.1262262659	914.9505271	0.02187329898	0.9080668246	1.0113715
pos_768	907.9618986	0.720237428	0.9080668246	1.0113715	911.0463035	0.1540655955	0.632675556	0.915595076	911.8356724	0.1038236775	0.9388372542	0.1262262659	914.9505271	0.02187329898	0.9080668246	1.0113715
pos_769	907.9618986	0.720237428	0.9080668246	1.0113715	911.0463035	0.1540655955	0.632675556	0.915595076	911.8356724	0.1038236775	0.9388372542	0.1262262659	914.9505271	0.02187329898	0.9080668246	1.0113715
pos_770	907.9618986	0.720237428	0.9080668246	1.0113715	911.0463035	0.1540655955	0.632675556	0.915595076	911.8356724	0.1038236775	0.9388372542	0.1262262659	914.9505271	0.02187329898	0.9080668246	1.0113715
pos_771	907.9618986	0.720237428	0.9080668246	1.0113715	911.0463035	0.1540655955	0.632675556	0.915595076	911.8356724	0.1038236775	0.9388372542	0.1262262659	914.9505271	0.02187329898	0.9080668246	1.0113715
pos_772	907.9618986	0.720237428	0.9080668246	1.0113715	911.0463035	0.1540655955	0.632675556	0.915595076	911.8356724	0.1038236775	0.9388372542	0.1262262659	914.9505271	0.02187329898	0.9080668246	1.0113715
pos_773	907.9618986	0.720237428	0.9080668246	1.0113715	911.0463035	0.1540655955	0.632675556	0.915595076	911.8356724	0.1038236775	0.9388372542	0.1262262659	914.9505271	0.02187329898	0.9080668246	1.0113715
pos_774	907.9618986	0.720237428	0.9080668246	1.0113715	911.0463035	0.1540655955	0.632675556	0.915595076	911.8356724	0.1038236775	0.9388372542	0.1262262659	914.9505271	0.02187329898	0.9080668246	1.0113715
pos_775	907.9618986	0.720237428	0.9080668246	1.0113715	911.0463035	0.1540655955	0.632675556	0.915595076	911.8356724	0.1038236775	0.9388372542	0.1262262659	914.9505271	0.02187329898	0.9080668246	1.0113715
pos_777	907.9618986	0.720237428	0.9080668246	1.0113715	911.0463035	0.1540655955	0.632675556	0.915595076	911.8356724	0.1038236775	0.9388372542	0.1262262659	914.9505271	0.02187329898	0.9080668246	1.0113715
pos_778	907.9618986	0.720237428	0.9080668246	1.0113715	911.0463035	0.1540655955	0.632675556	0.915595076	911.8356724	0.1038236775	0.9388372542	0.1262262659	914.9505271	0.02187329898	0.9080668246	1.0113715
pos_785	929.5831386	0.7749929189	1	-0.002006077862	933.5676699	0.1056982394	0.9922954897	0.01546868681	933.578478	0.1051285818	0.9976724158	0.004660594434	937.5851447	0.01418025996	1	-0.002006077862
pos_787	907.9618986	0.720237428	0.9080668246	1.0113715	911.0463035	0.1540655955	0.632675556	0.915595076	911.8356724	0.1038236775	0.9388372542	0.1262262659	914.9505271	0.02187329898	0.9080668246	1.0113715
pos_789	907.9618986	0.720237428	0.9080668246	1.0113715	911.0463035	0.1540655955	0.632675556	0.915595076	911.8356724	0.1038236775	0.9388372542	0.1262262659	914.9505271	0.02187329898	0.9080668246	1.0113715
pos_790	907.9618986	0.720237428	0.9080668246	1.0113715	911.0463035	0.1540655955	0.632675556	0.915595076	911.8356724	0.1038236775	0.9388372542	0.1262262659	914.9505271	0.02187329898	0.9080668246	1.0113715
pos_803	922.5782503	0.6368680921	0.7065330565	2.159049195	924.594945	0.2323431077	0.3709631177	1.983305269	926.3531916	0.09645648121	0.8935710959	0.2250587548	928.4192011	0.03433231899	0.7065330565	2.159049195
pos_804	957.5862641	0.3241803241	0.2602963209	5.274258649	959.4523527	0.1275177544	0.3440543333	2.133911377	956.8633442	0.4653360579	0.09428247658	4.722919866	960.3120054	0.08296586361	0.2602963209	5.274258649
pos_813	918.6271716	0.7569114889	0.9275379139	0.8791142305	922.4737696	0.110603016	0.9261667038	0.1534020697	922.4671562	0.1109693532	0.9231091985	0.1600154865	925.7480574	0.02151614188	0.9275379139	0.8791142305
pos_817	913.4678237	0.6433084555	0.6177846448	2.651176925	916.373634	0.1504632917	0.5786283885	1.094189647	916.2274381	0.1618738141	0.5378407404	1.240385568	918.8166467	0.04435443861	0.6177846448	2.651176925
pos_818	923.5263199	0.6424693242	0.7032133807	2.177157366	927.4805825	0.08896008175	0.977390828	0.04573735658	925.549555	0.2336213181	0.3721782271	1.976764869	929.3491625	0.03494927604	0.7032133807	2.177157366
pos_819	904.629147	0.7728575782	0.9995436168	0.06104112035	908.5865557	0.1068461994	0.9789295248	0.04259125191	908.6080861	0.1057021514	0.989524791	0.02106092038	912.5681059	0.01459407094	0.9995436168	0.06104112035
pos_820	907.9618986	0.720237428	0.9080668246	1.0113715	911.0463035	0.1540655955	0.632675556	0.915595076	911.8356724	0.1038236775	0.9388372542	0.1262262659	914.9505271	0.02187329898	0.9080668246	1.0113715
pos_821	907.9618986	0.720237428	0.9080668246	1.0113715	911.0463035	0.1540655955	0.632675556	0.915595076	911.8356724	0.1038236775	0.9388372542	0.1262262659	914.9505271	0.02187329898	0.9080668246	1.0113715
pos_822	915.1785225	0.7607309835	0.9912769453	0.2765546386	919.1073262	0.1066847169	0.965028039	0.07119624427	918.9298442	0.1165848054	0.8830802849	0.2486783193	922.9019678	0.01599949422	0.9912769453	0.2765546386
pos_824	918.6269353	0.7570825379	0.9247173999	0.8989082291	922.4721189	0.1107062685	0.9255119972	0.1548163683	922.4762807	0.1104761385	0.9274399074	0.1506545528	925.7280271	0.021735055	0.9247173999	0.8989082291
pos_825	918.6744096	0.7592346571	0.9459204597	0.7430134787	922.50724	0.1117088261	0.9198130617	0.1671696467	922.5582787	0.108894154	0.9435881869	0.1161309013	925.9313962	0.02016236273	0.9459204597	0.7430134787
pos_826	907.9618986	0.720237428	0.9080668246	1.0113715	911.0463035	0.1540655955	0.632675556	0.915595076	911.8356724	0.1038236775	0.9388372542	0.1262262659	914.9505271	0.02187329898	0.9080668246	1.0113715
pos_827	907.9618986	0.720237428	0.9080668246	1.0113715	911.0463035	0.1540655955	0.632675556	0.915595076	911.8356724	0.1038236775	0.9388372542	0.1262262659	914.9505271	0.02187329898	0.9080668246	1.0113715
pos_829	907.9618986	0.720237428	0.9080668246	1.0113715	911.0463035	0.1540655955	0.632675556	0.915595076	911.8356724	0.1038236775	0.9388372542	0.1262262659	914.9505271	0.02187329898	0.9080668246	1.0113715
pos_830	907.9618986	0.720237428	0.9080668246	1.0113715	911.0463035	0.1540655955	0.632675556	0.915595076	911.8356724	0.1038236775	0.9388372542	0.1262262659	914.9505271	0.02187329898	0.9080668246	1.0113715
pos_831	913.2146332	0.7020949747	0.859661438	1.310089205	915.9970581	0.1746626274	0.5440100363	1.217575167	917.1429566	0.09848527378	0.9647962443	0.07167669142	919.904544	0.02475712408	0.859661438	1.310089205
pos_832	918.6506838	0.7560918148	0.9336050437	0.8356554484	922.4868122	0.1110631149	0.9213310828	0.1638716509	922.473332	0.1118142175	0.9151421187	0.1773518095	925.8150284	0.02103085281	0.9336050437	0.8356554484
pos_853	918.6266619	0.7732406163	0.6501202735	2.469417694	922.9234382	0.09021557501	1	-0.2967763842	922.9763006	0.08786230661	1	-0.3496387693	924.1572442	0.04868150204	0.6501202735	2.469417694